{
  "mode": "compare",
  "test_overrides": {
    "dose": 40.0,
    "orientation_spread": 3.0,
    "keep_fraction": 0.85
  },
  "methods": {
    "classical_rf": {
      "accuracy": 0.5555555555555556,
      "macro_f1": 0.541039730244096,
      "per_class": {
        "sc": {
          "precision": 0.6785714285714286,
          "recall": 0.6333333333333333,
          "f1": 0.6551724137931035,
          "support": 60
        },
        "bcc": {
          "precision": 0.38333333333333336,
          "recall": 0.38333333333333336,
          "f1": 0.38333333333333336,
          "support": 60
        },
        "fcc": {
          "precision": 0.5185185185185185,
          "recall": 0.7,
          "f1": 0.5957446808510639,
          "support": 60
        },
        "diamond": {
          "precision": 0.5588235294117647,
          "recall": 0.31666666666666665,
          "f1": 0.4042553191489362,
          "support": 60
        },
        "rocksalt": {
          "precision": 0.46938775510204084,
          "recall": 0.38333333333333336,
          "f1": 0.42201834862385323,
          "support": 60
        },
        "hcp": {
          "precision": 0.6875,
          "recall": 0.9166666666666666,
          "f1": 0.7857142857142857,
          "support": 60
        }
      },
      "confusion_matrix": [
        [
          38,
          6,
          1,
          0,
          11,
          4
        ],
        [
          3,
          23,
          15,
          7,
          7,
          5
        ],
        [
          0,
          8,
          42,
          2,
          2,
          6
        ],
        [
          1,
          11,
          17,
          19,
          5,
          7
        ],
        [
          14,
          11,
          4,
          5,
          23,
          3
        ],
        [
          0,
          1,
          2,
          1,
          1,
          55
        ]
      ],
      "labels": [
        "sc",
        "bcc",
        "fcc",
        "diamond",
        "rocksalt",
        "hcp"
      ]
    },
    "radial_cnn": {
      "accuracy": 0.6583333333333333,
      "macro_f1": 0.6482873694965497,
      "per_class": {
        "sc": {
          "precision": 0.6578947368421053,
          "recall": 0.8333333333333334,
          "f1": 0.7352941176470588,
          "support": 60
        },
        "bcc": {
          "precision": 0.5081967213114754,
          "recall": 0.5166666666666667,
          "f1": 0.5123966942148761,
          "support": 60
        },
        "fcc": {
          "precision": 0.6216216216216216,
          "recall": 0.7666666666666667,
          "f1": 0.6865671641791045,
          "support": 60
        },
        "diamond": {
          "precision": 0.5,
          "recall": 0.4666666666666667,
          "f1": 0.4827586206896552,
          "support": 60
        },
        "rocksalt": {
          "precision": 0.7419354838709677,
          "recall": 0.38333333333333336,
          "f1": 0.5054945054945055,
          "support": 60
        },
        "hcp": {
          "precision": 0.9516129032258065,
          "recall": 0.9833333333333333,
          "f1": 0.9672131147540983,
          "support": 60
        }
      },
      "confusion_matrix": [
        [
          50,
          3,
          0,
          2,
          5,
          0
        ],
        [
          5,
          31,
          9,
          12,
          3,
          0
        ],
        [
          0,
          2,
          46,
          9,
          0,
          3
        ],
        [
          3,
          11,
          18,
          28,
          0,
          0
        ],
        [
          18,
          14,
          1,
          4,
          23,
          0
        ],
        [
          0,
          0,
          0,
          1,
          0,
          59
        ]
      ],
      "labels": [
        "sc",
        "bcc",
        "fcc",
        "diamond",
        "rocksalt",
        "hcp"
      ]
    },
    "pattern_cnn": {
      "accuracy": 0.7111111111111111,
      "macro_f1": 0.712174164025316,
      "per_class": {
        "sc": {
          "precision": 0.7457627118644068,
          "recall": 0.7333333333333333,
          "f1": 0.7394957983193278,
          "support": 60
        },
        "bcc": {
          "precision": 0.5076923076923077,
          "recall": 0.55,
          "f1": 0.528,
          "support": 60
        },
        "fcc": {
          "precision": 0.7868852459016393,
          "recall": 0.8,
          "f1": 0.7933884297520661,
          "support": 60
        },
        "diamond": {
          "precision": 0.8205128205128205,
          "recall": 0.5333333333333333,
          "f1": 0.6464646464646464,
          "support": 60
        },
        "rocksalt": {
          "precision": 0.527027027027027,
          "recall": 0.65,
          "f1": 0.5820895522388059,
          "support": 60
        },
        "hcp": {
          "precision": 0.967741935483871,
          "recall": 1.0,
          "f1": 0.9836065573770492,
          "support": 60
        }
      },
      "confusion_matrix": [
        [
          44,
          2,
          0,
          0,
          14,
          0
        ],
        [
          2,
          33,
          4,
          5,
          15,
          1
        ],
        [
          0,
          8,
          48,
          1,
          2,
          1
        ],
        [
          0,
          15,
          9,
          32,
          4,
          0
        ],
        [
          13,
          7,
          0,
          1,
          39,
          0
        ],
        [
          0,
          0,
          0,
          0,
          0,
          60
        ]
      ],
      "labels": [
        "sc",
        "bcc",
        "fcc",
        "diamond",
        "rocksalt",
        "hcp"
      ]
    }
  },
  "classical_tuning": {
    "tuned_accuracy": 0.5416666666666666,
    "default_accuracy": 0.5472222222222223,
    "best_params": {
      "clf__max_depth": 16,
      "clf__min_samples_leaf": 2,
      "clf__n_estimators": 250
    },
    "cv_score": 0.5553333333333333
  }
}