{
  "mode": "compare",
  "test_overrides": {
    "dose": 40.0,
    "orientation_spread": 3.0,
    "keep_fraction": 0.85
  },
  "n_test": 1800,
  "methods": {
    "classical_rf": {
      "accuracy": 0.5594444444444444,
      "accuracy_ci95": [
        0.5364069376682717,
        0.5822287562862306
      ],
      "n_test": 1800,
      "macro_f1": 0.5504663672215553,
      "per_class": {
        "sc": {
          "precision": 0.6487455197132617,
          "recall": 0.6033333333333334,
          "f1": 0.625215889464594,
          "support": 300
        },
        "bcc": {
          "precision": 0.46206896551724136,
          "recall": 0.44666666666666666,
          "f1": 0.4542372881355932,
          "support": 300
        },
        "fcc": {
          "precision": 0.5377643504531722,
          "recall": 0.5933333333333334,
          "f1": 0.5641838351822503,
          "support": 300
        },
        "diamond": {
          "precision": 0.6039603960396039,
          "recall": 0.4066666666666667,
          "f1": 0.4860557768924303,
          "support": 300
        },
        "rocksalt": {
          "precision": 0.46494464944649444,
          "recall": 0.42,
          "f1": 0.4413309982486865,
          "support": 300
        },
        "hcp": {
          "precision": 0.6229508196721312,
          "recall": 0.8866666666666667,
          "f1": 0.7317744154057771,
          "support": 300
        }
      },
      "confusion_matrix": [
        [
          181,
          21,
          5,
          9,
          59,
          25
        ],
        [
          20,
          134,
          38,
          34,
          49,
          25
        ],
        [
          2,
          46,
          178,
          16,
          4,
          54
        ],
        [
          12,
          43,
          74,
          122,
          25,
          24
        ],
        [
          60,
          43,
          19,
          19,
          126,
          33
        ],
        [
          4,
          3,
          17,
          2,
          8,
          266
        ]
      ],
      "labels": [
        "sc",
        "bcc",
        "fcc",
        "diamond",
        "rocksalt",
        "hcp"
      ]
    },
    "radial_cnn": {
      "accuracy": 0.6694444444444444,
      "accuracy_ci95": [
        0.6473717556571468,
        0.6907954093533508
      ],
      "n_test": 1800,
      "macro_f1": 0.6609651510710718,
      "per_class": {
        "sc": {
          "precision": 0.6973293768545994,
          "recall": 0.7833333333333333,
          "f1": 0.7378335949764522,
          "support": 300
        },
        "bcc": {
          "precision": 0.4634146341463415,
          "recall": 0.6966666666666667,
          "f1": 0.5565912117177098,
          "support": 300
        },
        "fcc": {
          "precision": 0.7048192771084337,
          "recall": 0.78,
          "f1": 0.740506329113924,
          "support": 300
        },
        "diamond": {
          "precision": 0.6988636363636364,
          "recall": 0.41,
          "f1": 0.5168067226890756,
          "support": 300
        },
        "rocksalt": {
          "precision": 0.6263157894736842,
          "recall": 0.39666666666666667,
          "f1": 0.48571428571428565,
          "support": 300
        },
        "hcp": {
          "precision": 0.9076433121019108,
          "recall": 0.95,
          "f1": 0.9283387622149837,
          "support": 300
        }
      },
      "confusion_matrix": [
        [
          235,
          22,
          0,
          3,
          40,
          0
        ],
        [
          23,
          209,
          29,
          18,
          20,
          1
        ],
        [
          0,
          35,
          234,
          12,
          0,
          19
        ],
        [
          8,
          101,
          53,
          123,
          10,
          5
        ],
        [
          69,
          82,
          6,
          20,
          119,
          4
        ],
        [
          2,
          2,
          10,
          0,
          1,
          285
        ]
      ],
      "labels": [
        "sc",
        "bcc",
        "fcc",
        "diamond",
        "rocksalt",
        "hcp"
      ]
    },
    "pattern_cnn": {
      "accuracy": 0.7166666666666667,
      "accuracy_ci95": [
        0.6954048600208792,
        0.7370056132712325
      ],
      "n_test": 1800,
      "macro_f1": 0.713134925874313,
      "per_class": {
        "sc": {
          "precision": 0.6865284974093264,
          "recall": 0.8833333333333333,
          "f1": 0.7725947521865889,
          "support": 300
        },
        "bcc": {
          "precision": 0.625531914893617,
          "recall": 0.49,
          "f1": 0.5495327102803738,
          "support": 300
        },
        "fcc": {
          "precision": 0.8380281690140845,
          "recall": 0.7933333333333333,
          "f1": 0.8150684931506849,
          "support": 300
        },
        "diamond": {
          "precision": 0.6208053691275168,
          "recall": 0.6166666666666667,
          "f1": 0.6187290969899666,
          "support": 300
        },
        "rocksalt": {
          "precision": 0.5529801324503312,
          "recall": 0.5566666666666666,
          "f1": 0.5548172757475083,
          "support": 300
        },
        "hcp": {
          "precision": 0.976271186440678,
          "recall": 0.96,
          "f1": 0.9680672268907563,
          "support": 300
        }
      },
      "confusion_matrix": [
        [
          265,
          0,
          0,
          4,
          29,
          2
        ],
        [
          25,
          147,
          17,
          48,
          63,
          0
        ],
        [
          0,
          20,
          238,
          35,
          4,
          3
        ],
        [
          7,
          45,
          24,
          185,
          37,
          2
        ],
        [
          87,
          21,
          2,
          23,
          167,
          0
        ],
        [
          2,
          2,
          3,
          3,
          2,
          288
        ]
      ],
      "labels": [
        "sc",
        "bcc",
        "fcc",
        "diamond",
        "rocksalt",
        "hcp"
      ]
    }
  },
  "pairwise_tests": [
    {
      "method_a": "classical_rf",
      "method_b": "radial_cnn",
      "delta_accuracy": -0.10999999999999999,
      "n_a_only": 133,
      "n_b_only": 331,
      "p_value": 1.5291579155658184e-20,
      "significant": true
    },
    {
      "method_a": "classical_rf",
      "method_b": "pattern_cnn",
      "delta_accuracy": -0.15722222222222226,
      "n_a_only": 144,
      "n_b_only": 427,
      "p_value": 1.647738683741727e-33,
      "significant": true
    },
    {
      "method_a": "radial_cnn",
      "method_b": "pattern_cnn",
      "delta_accuracy": -0.047222222222222276,
      "n_a_only": 188,
      "n_b_only": 273,
      "p_value": 8.76310974375906e-05,
      "significant": true
    }
  ],
  "classical_tuning": {
    "tune_pool": 1500,
    "tune_seed": 7,
    "tuned_accuracy": 0.5166666666666667,
    "default_accuracy": 0.5211111111111111,
    "svm_accuracy": 0.5466666666666666,
    "best_params": {
      "clf__max_depth": 10,
      "clf__min_samples_leaf": 2,
      "clf__n_estimators": 150
    },
    "svm_best_params": {
      "clf__C": 10.0,
      "clf__gamma": "scale"
    },
    "cv_score": 0.5493333333333333,
    "svm_cv_score": 0.5593333333333333,
    "svm_vs_rf": {
      "n_a_only": 221,
      "n_b_only": 167,
      "p_value": 0.007053733273541799,
      "significant": true
    }
  }
}