{
  "mode": "sweep",
  "axis": "dose",
  "reference": {
    "dose": 150.0,
    "orientation_spread": 2.0,
    "keep_fraction": 1.0
  },
  "rows": [
    {
      "value": 8,
      "n_test": 600,
      "classical_rf": {
        "accuracy": 0.5033333333333333,
        "accuracy_ci95": [
          0.46343214326782306,
          0.5431921105099888
        ],
        "macro_f1": 0.48136151492159135
      },
      "radial_cnn": {
        "accuracy": 0.645,
        "accuracy_ci95": [
          0.6058993236153297,
          0.6822557157194892
        ],
        "macro_f1": 0.6394326725170492
      },
      "pattern_cnn": {
        "accuracy": 0.6283333333333333,
        "accuracy_ci95": [
          0.5889633845768749,
          0.6660703858688843
        ],
        "macro_f1": 0.6252194249509474
      }
    },
    {
      "value": 15,
      "n_test": 600,
      "classical_rf": {
        "accuracy": 0.6116666666666667,
        "accuracy_ci95": [
          0.5720762012851761,
          0.6498363002715235
        ],
        "macro_f1": 0.59747815359288
      },
      "radial_cnn": {
        "accuracy": 0.6983333333333334,
        "accuracy_ci95": [
          0.6604406651991036,
          0.7337024345807063
        ],
        "macro_f1": 0.6924973964241681
      },
      "pattern_cnn": {
        "accuracy": 0.68,
        "accuracy_ci95": [
          0.6416302894627484,
          0.7160794145390961
        ],
        "macro_f1": 0.6768077794840966
      }
    },
    {
      "value": 30,
      "n_test": 600,
      "classical_rf": {
        "accuracy": 0.6466666666666666,
        "accuracy_ci95": [
          0.6075956528813391,
          0.6838715133423858
        ],
        "macro_f1": 0.6353481441112927
      },
      "radial_cnn": {
        "accuracy": 0.7166666666666667,
        "accuracy_ci95": [
          0.6793198457432483,
          0.7512566498145272
        ],
        "macro_f1": 0.7115785956387052
      },
      "pattern_cnn": {
        "accuracy": 0.7166666666666667,
        "accuracy_ci95": [
          0.6793198457432483,
          0.7512566498145272
        ],
        "macro_f1": 0.717024379724993
      }
    },
    {
      "value": 60,
      "n_test": 600,
      "classical_rf": {
        "accuracy": 0.665,
        "accuracy_ci95": [
          0.626288873603228,
          0.7016116883984626
        ],
        "macro_f1": 0.6557017437735244
      },
      "radial_cnn": {
        "accuracy": 0.7166666666666667,
        "accuracy_ci95": [
          0.6793198457432483,
          0.7512566498145272
        ],
        "macro_f1": 0.7035608085838841
      },
      "pattern_cnn": {
        "accuracy": 0.7433333333333333,
        "accuracy_ci95": [
          0.7069114516133106,
          0.7766590741669601
        ],
        "macro_f1": 0.7403302428300211
      }
    },
    {
      "value": 120,
      "n_test": 600,
      "classical_rf": {
        "accuracy": 0.6816666666666666,
        "accuracy_ci95": [
          0.6433375698726372,
          0.717684261018113
        ],
        "macro_f1": 0.6777663946224298
      },
      "radial_cnn": {
        "accuracy": 0.7316666666666667,
        "accuracy_ci95": [
          0.6948203134629558,
          0.7655653240949734
        ],
        "macro_f1": 0.7160978880914346
      },
      "pattern_cnn": {
        "accuracy": 0.755,
        "accuracy_ci95": [
          0.7190348700194936,
          0.7877205439831191
        ],
        "macro_f1": 0.753105542719974
      }
    },
    {
      "value": 300,
      "n_test": 600,
      "classical_rf": {
        "accuracy": 0.73,
        "accuracy_ci95": [
          0.6930955625788863,
          0.7639779480901369
        ],
        "macro_f1": 0.723238615553842
      },
      "radial_cnn": {
        "accuracy": 0.745,
        "accuracy_ci95": [
          0.7086413586963557,
          0.7782412939728213
        ],
        "macro_f1": 0.7368064298999242
      },
      "pattern_cnn": {
        "accuracy": 0.7233333333333334,
        "accuracy_ci95": [
          0.6862027970184568,
          0.7576222060949427
        ],
        "macro_f1": 0.721287018472231
      }
    }
  ]
}