{
  "mode": "sweep",
  "axis": "orientation_spread",
  "reference": {
    "dose": 150.0,
    "orientation_spread": 2.0,
    "keep_fraction": 1.0
  },
  "rows": [
    {
      "value": 0.0,
      "n_test": 600,
      "classical_rf": {
        "accuracy": 0.7,
        "accuracy_ci95": [
          0.662154057768196,
          0.7353011689005197
        ],
        "macro_f1": 0.6888280861515108
      },
      "radial_cnn": {
        "accuracy": 0.6983333333333334,
        "accuracy_ci95": [
          0.6604406651991036,
          0.7337024345807063
        ],
        "macro_f1": 0.6753159769500036
      },
      "pattern_cnn": {
        "accuracy": 0.7216666666666667,
        "accuracy_ci95": [
          0.6844811475651119,
          0.7560317286593815
        ],
        "macro_f1": 0.7195036712647013
      }
    },
    {
      "value": 2.0,
      "n_test": 600,
      "classical_rf": {
        "accuracy": 0.69,
        "accuracy_ci95": [
          0.6518821733817679,
          0.725700291953512
        ],
        "macro_f1": 0.6851187187552177
      },
      "radial_cnn": {
        "accuracy": 0.715,
        "accuracy_ci95": [
          0.6776006164577648,
          0.7496637522111047
        ],
        "macro_f1": 0.7053792233718975
      },
      "pattern_cnn": {
        "accuracy": 0.73,
        "accuracy_ci95": [
          0.6930955625788863,
          0.7639779480901369
        ],
        "macro_f1": 0.7298808909524488
      }
    },
    {
      "value": 4.0,
      "n_test": 600,
      "classical_rf": {
        "accuracy": 0.645,
        "accuracy_ci95": [
          0.6058993236153297,
          0.6822557157194892
        ],
        "macro_f1": 0.6447191522338772
      },
      "radial_cnn": {
        "accuracy": 0.7183333333333334,
        "accuracy_ci95": [
          0.6810396752117295,
          0.7528489472349521
        ],
        "macro_f1": 0.7118451457600697
      },
      "pattern_cnn": {
        "accuracy": 0.7016666666666667,
        "accuracy_ci95": [
          0.6638680212177496,
          0.7368993323398721
        ],
        "macro_f1": 0.6920554131093054
      }
    },
    {
      "value": 6.0,
      "n_test": 600,
      "classical_rf": {
        "accuracy": 0.61,
        "accuracy_ci95": [
          0.5703901156743774,
          0.6482102589934162
        ],
        "macro_f1": 0.6029117718008705
      },
      "radial_cnn": {
        "accuracy": 0.6466666666666666,
        "accuracy_ci95": [
          0.6075956528813391,
          0.6838715133423858
        ],
        "macro_f1": 0.6332850283136927
      },
      "pattern_cnn": {
        "accuracy": 0.7033333333333334,
        "accuracy_ci95": [
          0.6655825582677204,
          0.7384969221788074
        ],
        "macro_f1": 0.7057062513205444
      }
    },
    {
      "value": 9.0,
      "n_test": 600,
      "classical_rf": {
        "accuracy": 0.49333333333333335,
        "accuracy_ci95": [
          0.45349840455660795,
          0.5332530878877684
        ],
        "macro_f1": 0.49299452303309427
      },
      "radial_cnn": {
        "accuracy": 0.585,
        "accuracy_ci95": [
          0.5451551545835803,
          0.6237633167506239
        ],
        "macro_f1": 0.5789637374502128
      },
      "pattern_cnn": {
        "accuracy": 0.6,
        "accuracy_ci95": [
          0.5602835208349686,
          0.6384440924993893
        ],
        "macro_f1": 0.5898730800199967
      }
    },
    {
      "value": 12.0,
      "n_test": 600,
      "classical_rf": {
        "accuracy": 0.46166666666666667,
        "accuracy_ci95": [
          0.42214630686003246,
          0.5016747746951304
        ],
        "macro_f1": 0.4699154557482111
      },
      "radial_cnn": {
        "accuracy": 0.5483333333333333,
        "accuracy_ci95": [
          0.5083305542605547,
          0.5877211255177182
        ],
        "macro_f1": 0.5465873488312777
      },
      "pattern_cnn": {
        "accuracy": 0.5466666666666666,
        "accuracy_ci95": [
          0.5066618855559611,
          0.5860776673334057
        ],
        "macro_f1": 0.5470310850571615
      }
    }
  ]
}