{
  "mode": "sweep",
  "axis": "keep_fraction",
  "reference": {
    "dose": 150.0,
    "orientation_spread": 2.0,
    "keep_fraction": 1.0
  },
  "rows": [
    {
      "value": 0.3,
      "n_test": 600,
      "classical_rf": {
        "accuracy": 0.25833333333333336,
        "accuracy_ci95": [
          0.2249238041296787,
          0.2948177969789565
        ],
        "macro_f1": 0.23286809436791986
      },
      "radial_cnn": {
        "accuracy": 0.395,
        "accuracy_ci95": [
          0.35667070507875476,
          0.43466530092016964
        ],
        "macro_f1": 0.4021132449965727
      },
      "pattern_cnn": {
        "accuracy": 0.445,
        "accuracy_ci95": [
          0.40570951130251853,
          0.4849903013635848
        ],
        "macro_f1": 0.4359264796912086
      }
    },
    {
      "value": 0.45,
      "n_test": 600,
      "classical_rf": {
        "accuracy": 0.37833333333333335,
        "accuracy_ci95": [
          0.3404174709422172,
          0.41779726616764745
        ],
        "macro_f1": 0.37784127985529214
      },
      "radial_cnn": {
        "accuracy": 0.53,
        "accuracy_ci95": [
          0.4899996705287393,
          0.5696186134715682
        ],
        "macro_f1": 0.5259408716919253
      },
      "pattern_cnn": {
        "accuracy": 0.5383333333333333,
        "accuracy_ci95": [
          0.49832522530486956,
          0.5778536931399676
        ],
        "macro_f1": 0.528406179537063
      }
    },
    {
      "value": 0.6,
      "n_test": 600,
      "classical_rf": {
        "accuracy": 0.515,
        "accuracy_ci95": [
          0.4750415429697349,
          0.5547675990304187
        ],
        "macro_f1": 0.5136794065622227
      },
      "radial_cnn": {
        "accuracy": 0.6383333333333333,
        "accuracy_ci95": [
          0.5991190098291488,
          0.6757875219500462
        ],
        "macro_f1": 0.6281425125625036
      },
      "pattern_cnn": {
        "accuracy": 0.6533333333333333,
        "accuracy_ci95": [
          0.614386020973087,
          0.6903296528062618
        ],
        "macro_f1": 0.6502248305219476
      }
    },
    {
      "value": 0.75,
      "n_test": 600,
      "classical_rf": {
        "accuracy": 0.6216666666666667,
        "accuracy_ci95": [
          0.5822027338323527,
          0.6595825290577829
        ],
        "macro_f1": 0.6185272013850469
      },
      "radial_cnn": {
        "accuracy": 0.6516666666666666,
        "accuracy_ci95": [
          0.6126876680053249,
          0.6887158788851179
        ],
        "macro_f1": 0.6423385354327055
      },
      "pattern_cnn": {
        "accuracy": 0.685,
        "accuracy_ci95": [
          0.6467537640402338,
          0.7208923206283285
        ],
        "macro_f1": 0.6800261407980938
      }
    },
    {
      "value": 0.9,
      "n_test": 600,
      "classical_rf": {
        "accuracy": 0.6666666666666666,
        "accuracy_ci95": [
          0.6279913574715174,
          0.703221331419079
        ],
        "macro_f1": 0.6650023230407508
      },
      "radial_cnn": {
        "accuracy": 0.7333333333333333,
        "accuracy_ci95": [
          0.6965456953771375,
          0.7671520690696975
        ],
        "macro_f1": 0.7196131168082863
      },
      "pattern_cnn": {
        "accuracy": 0.7233333333333334,
        "accuracy_ci95": [
          0.6862027970184568,
          0.7576222060949427
        ],
        "macro_f1": 0.7190755088011178
      }
    },
    {
      "value": 1.0,
      "n_test": 600,
      "classical_rf": {
        "accuracy": 0.7233333333333334,
        "accuracy_ci95": [
          0.6862027970184568,
          0.7576222060949427
        ],
        "macro_f1": 0.7182232294376579
      },
      "radial_cnn": {
        "accuracy": 0.7216666666666667,
        "accuracy_ci95": [
          0.6844811475651119,
          0.7560317286593815
        ],
        "macro_f1": 0.7055956556512187
      },
      "pattern_cnn": {
        "accuracy": 0.7366666666666667,
        "accuracy_ci95": [
          0.6999983672577115,
          0.7703236509669356
        ],
        "macro_f1": 0.7316554871599421
      }
    }
  ]
}