{
  "mode": "scale_cue",
  "test_overrides": {
    "dose": 40.0,
    "orientation_spread": 3.0,
    "keep_fraction": 0.85
  },
  "a_range": [
    2.6,
    6.1
  ],
  "n_test": 1800,
  "methods": {
    "classical_rf": {
      "standard": {
        "accuracy": 0.5783333333333334,
        "accuracy_ci95": [
          0.5553766172293368,
          0.6009564000378114
        ],
        "n_test": 1800,
        "macro_f1": 0.5695741775646459,
        "per_class": {
          "sc": {
            "precision": 0.6920289855072463,
            "recall": 0.6366666666666667,
            "f1": 0.6631944444444444,
            "support": 300
          },
          "bcc": {
            "precision": 0.45222929936305734,
            "recall": 0.47333333333333333,
            "f1": 0.4625407166123779,
            "support": 300
          },
          "fcc": {
            "precision": 0.5889212827988338,
            "recall": 0.6733333333333333,
            "f1": 0.6283048211508554,
            "support": 300
          },
          "diamond": {
            "precision": 0.5445544554455446,
            "recall": 0.36666666666666664,
            "f1": 0.4382470119521912,
            "support": 300
          },
          "rocksalt": {
            "precision": 0.5055762081784386,
            "recall": 0.4533333333333333,
            "f1": 0.47803163444639724,
            "support": 300
          },
          "hcp": {
            "precision": 0.6565656565656566,
            "recall": 0.8666666666666667,
            "f1": 0.7471264367816093,
            "support": 300
          }
        },
        "confusion_matrix": [
          [
            191,
            13,
            2,
            12,
            61,
            21
          ],
          [
            12,
            142,
            43,
            37,
            39,
            27
          ],
          [
            0,
            42,
            202,
            13,
            2,
            41
          ],
          [
            6,
            64,
            66,
            110,
            28,
            26
          ],
          [
            62,
            45,
            12,
            24,
            136,
            21
          ],
          [
            5,
            8,
            18,
            6,
            3,
            260
          ]
        ],
        "labels": [
          "sc",
          "bcc",
          "fcc",
          "diamond",
          "rocksalt",
          "hcp"
        ]
      },
      "decorrelated": {
        "accuracy": 0.4177777777777778,
        "accuracy_ci95": [
          0.395192123394471,
          0.4407136457151892
        ],
        "n_test": 1800,
        "macro_f1": 0.39304856659595955,
        "per_class": {
          "sc": {
            "precision": 0.4793187347931874,
            "recall": 0.6566666666666666,
            "f1": 0.5541490857946554,
            "support": 300
          },
          "bcc": {
            "precision": 0.17307692307692307,
            "recall": 0.12,
            "f1": 0.14173228346456693,
            "support": 300
          },
          "fcc": {
            "precision": 0.34405940594059403,
            "recall": 0.4633333333333333,
            "f1": 0.39488636363636365,
            "support": 300
          },
          "diamond": {
            "precision": 0.40853658536585363,
            "recall": 0.22333333333333333,
            "f1": 0.28879310344827586,
            "support": 300
          },
          "rocksalt": {
            "precision": 0.3034188034188034,
            "recall": 0.23666666666666666,
            "f1": 0.2659176029962547,
            "support": 300
          },
          "hcp": {
            "precision": 0.6385224274406333,
            "recall": 0.8066666666666666,
            "f1": 0.7128129602356407,
            "support": 300
          }
        },
        "confusion_matrix": [
          [
            197,
            17,
            1,
            17,
            46,
            22
          ],
          [
            160,
            36,
            18,
            10,
            55,
            21
          ],
          [
            12,
            30,
            139,
            18,
            39,
            62
          ],
          [
            8,
            49,
            141,
            67,
            17,
            18
          ],
          [
            23,
            75,
            99,
            18,
            71,
            14
          ],
          [
            11,
            1,
            6,
            34,
            6,
            242
          ]
        ],
        "labels": [
          "sc",
          "bcc",
          "fcc",
          "diamond",
          "rocksalt",
          "hcp"
        ]
      },
      "accuracy_drop": 0.16055555555555556
    },
    "radial_cnn": {
      "standard": {
        "accuracy": 0.6622222222222223,
        "accuracy_ci95": [
          0.6400480004576939,
          0.6837054821097334
        ],
        "n_test": 1800,
        "macro_f1": 0.656193167569517,
        "per_class": {
          "sc": {
            "precision": 0.6823529411764706,
            "recall": 0.7733333333333333,
            "f1": 0.725,
            "support": 300
          },
          "bcc": {
            "precision": 0.43896713615023475,
            "recall": 0.6233333333333333,
            "f1": 0.5151515151515151,
            "support": 300
          },
          "fcc": {
            "precision": 0.6731301939058172,
            "recall": 0.81,
            "f1": 0.735249621785174,
            "support": 300
          },
          "diamond": {
            "precision": 0.6538461538461539,
            "recall": 0.39666666666666667,
            "f1": 0.49377593360995853,
            "support": 300
          },
          "rocksalt": {
            "precision": 0.7,
            "recall": 0.44333333333333336,
            "f1": 0.5428571428571429,
            "support": 300
          },
          "hcp": {
            "precision": 0.9235880398671097,
            "recall": 0.9266666666666666,
            "f1": 0.9251247920133111,
            "support": 300
          }
        },
        "confusion_matrix": [
          [
            232,
            26,
            0,
            2,
            39,
            1
          ],
          [
            25,
            187,
            44,
            30,
            12,
            2
          ],
          [
            0,
            32,
            243,
            10,
            2,
            13
          ],
          [
            14,
            110,
            51,
            119,
            3,
            3
          ],
          [
            68,
            67,
            11,
            17,
            133,
            4
          ],
          [
            1,
            4,
            12,
            4,
            1,
            278
          ]
        ],
        "labels": [
          "sc",
          "bcc",
          "fcc",
          "diamond",
          "rocksalt",
          "hcp"
        ]
      },
      "decorrelated": {
        "accuracy": 0.48388888888888887,
        "accuracy_ci95": [
          0.46086094469399075,
          0.5069854560099291
        ],
        "n_test": 1800,
        "macro_f1": 0.4574547342063793,
        "per_class": {
          "sc": {
            "precision": 0.487758945386064,
            "recall": 0.8633333333333333,
            "f1": 0.6233453670276774,
            "support": 300
          },
          "bcc": {
            "precision": 0.17446808510638298,
            "recall": 0.13666666666666666,
            "f1": 0.15327102803738318,
            "support": 300
          },
          "fcc": {
            "precision": 0.3873239436619718,
            "recall": 0.55,
            "f1": 0.4545454545454546,
            "support": 300
          },
          "diamond": {
            "precision": 0.5032679738562091,
            "recall": 0.25666666666666665,